7N2PD2,nan,nan,nan,nan,nan,nan,nan,nan,nan
7N2P2H,1.169132,1.340872,1.072753,1.050919,0.752376,0.752101,1.027695,1.13934,1.154536
7N2P,nan,nan,nan,nan,nan,nan,nan,nan,nan
7N2QD2,1.195289,1.142334,1.003011,1.086517,0.733769,0.725297,0.854351,1.021036,1.056711
7N2Q2H,1.205355,1.036753,0.925599,0.91303,0.790134,0.814472,0.764129,1.024479,1.184856
7N2Q,nan,nan,nan,nan,nan,nan,nan,nan,nan
