7N2PD2,nan,nan,nan,nan,nan,nan,nan,nan,nan
7N2P2H,1.120802,1.330057,1.055052,1.056611,0.765352,0.748973,0.991436,1.085404,1.125867
7N2P,nan,nan,nan,nan,nan,nan,nan,nan,nan
7N2QD2,1.171775,1.139609,1.022514,1.080625,0.778683,0.763887,0.844076,0.997884,1.045642
7N2Q2H,1.168867,1.047418,0.968576,0.924458,0.803204,0.83569,0.784639,1.033526,1.158883
7N2Q,nan,nan,nan,nan,nan,nan,nan,nan,nan
