7N2PD2,nan,nan,nan,nan,nan,nan,nan,nan,nan
7N2P2H,1.070219,1.172243,1.133939,1.061279,0.79768,0.793266,1.093305,1.137397,1.148184
7N2P,nan,nan,nan,nan,nan,nan,nan,nan,nan
7N2QD2,1.239,1.155915,0.939539,1.128738,0.690187,0.6647,0.806348,1.009658,1.021016
7N2Q2H,1.263944,1.130645,0.987235,0.904826,0.716939,0.766707,0.733099,0.997629,1.215424
7N2Q,nan,nan,nan,nan,nan,nan,nan,nan,nan
